id,name,latitude,longitude,country_code,timezone,address
522e3f8e-7f72-11f0-85d4-325096b39f47,A Coruña-San Cristovo,43.352681,-8.409651,ES,Europe/Madrid,"Alcoa - A Coruña, 15008 Oseiro, Spain"
522e420e-7f72-11f0-b6c6-325096b39f47,Aachen Hbf,50.767802,6.091495,DE,Europe/Berlin,"Aachen Central Train Station, Bahnhofstraße 2a, 52064 Aachen, Germany"
522e429a-7f72-11f0-8839-325096b39f47,Aarau Bahnhof,47.392029,8.050864,CH,Europe/Zurich,"Aarau Bahnhof, Bahnhofplatz, 5000 Aarau, Switzerland"
522e4312-7f72-11f0-8312-325096b39f47,Affoltern am Albis,47.2760680000,8.4465880000,CH,Europe/Zurich,"Affoltern am Albis, Zurich, Switzerland"
522e4376-7f72-11f0-ac51-325096b39f47,Agrigento Centrale,37.309063,13.584417,IT,Europe/Rome,"Agrigento, Cortile Sanfilippo, 92100 Agrigento AG, Italy"
522e43da-7f72-11f0-b696-325096b39f47,Agropoli-Castellabate,40.351534,15.001755,IT,Europe/Rome,"Agropoli-Castellabate, Piazza Luigi Iorio, 84043 Agropoli SA, Italy"
522e443e-7f72-11f0-b716-325096b39f47,Aigle,46.3168560000,6.9636550000,CH,Europe/Zurich,"Aigle, VD, Switzerland"
522e4498-7f72-11f0-8052-325096b39f47,Aime-la-Plagne,45.554400,6.648646,FR,Europe/Paris,"Aime-la-Plagne, ARA, France"
522e44fc-7f72-11f0-b94c-325096b39f47,Aire-sur-l’Adour Office de Tourisme,43.687952,-0.254421,FR,Europe/Paris,"Office de tourisme, Rue des Arènes, 40800 Aire-sur-l'Adour, France"
522e4556-7f72-11f0-88ec-325096b39f47,Aix-en-Provence Centre,43.522912,5.445345,FR,Europe/Paris,"Aix-en-Provence, Rue Gustave Desplaces, 13627 Aix-en-Provence, France"
522e45b0-7f72-11f0-9a81-325096b39f47,Alacant-Terminal,38.344444,-0.494972,ES,Europe/Madrid,"Alacant Terminal, 03003 Alicante, Spain"
522e4614-7f72-11f0-909b-325096b39f47,Albas,44.4666670000,1.2333330000,FR,Europe/Paris,"Albas, OCC, France"
522e4678-7f72-11f0-817e-325096b39f47,Albi Ville,43.922380,2.137958,FR,Europe/Paris,"Albi Supercharger, Chemin de Gaillaguès, 81380 Lescure-d'Albigeois, France"
522e46dc-7f72-11f0-9b98-325096b39f47,Alpnach Dorf Bahnhof,46.940456,8.275397,CH,Europe/Zurich,"6055 Alpnach, Switzerland"
522e4736-7f72-11f0-8ede-325096b39f47,Alpnachstad,46.9550360000,8.2778330000,CH,Europe/Zurich,"Alpnachstad, Bahnhofplatz 6, 6053 Alpnach, Switzerland"
522e479a-7f72-11f0-9dcc-325096b39f47,Altdorf,46.8757340000,8.6315770000,CH,Europe/Zurich,"Altdorf (UR), UR, Switzerland"
522e47fe-7f72-11f0-b076-325096b39f47,Altstätten SG Bahnhof,47.374006,9.55627,CH,Europe/Zurich,"Altstätten SG, Bahnhof, 9450 Altstätten, Switzerland"
522e4862-7f72-11f0-940f-325096b39f47,Amriswil Bahnhof,47.550284,9.301848,CH,Europe/Zurich,"Amriswil Bahnhof, Poststrasse, 8580 Amriswil, Switzerland"
522e48bc-7f72-11f0-a758-325096b39f47,Amsterdam-Centraal,52.37919,4.899426,NL,Europe/Amsterdam,"Amsterdam Capitals / Amsterdam Lions, Middenmeerpad, 1098 SJ Amsterdam, Netherlands"
522e490c-7f72-11f0-a6c7-325096b39f47,Ancona,43.607597,13.497797,IT,Europe/Rome,"Ancona, AN, Italy"
522e4966-7f72-11f0-9be8-325096b39f47,Andelfingen,47.5943310000,8.6780060000,CH,Europe/Zurich,"Andelfingen, Zurich, Switzerland"
522e49c0-7f72-11f0-b16f-325096b39f47,Andermatt,46.6369080000,8.5934350000,CH,Europe/Zurich,"Andermatt (Andermatt), UR, Switzerland"
522e4a10-7f72-11f0-b09e-325096b39f47,Angers St-Laud,47.464647,-0.556820,FR,Europe/Paris,"Angers, Maine-et-Loire, France"
522e4a60-7f72-11f0-bb2c-325096b39f47,Angerville,48.3112062,2.0034931,FR,Europe/Paris,"Angerville, NOR, France"
522e4aba-7f72-11f0-aebe-325096b39f47,Annonay Gare Routière,45.24368147571790,4.668642282485960,FR,Europe/Paris,"Gare Routière Annonay, Gare Routière Faya, 07100 Annonay, France"
522e4b14-7f72-11f0-b940-325096b39f47,Antequera Ciudad,37.028276,-4.561063,ES,Europe/Madrid,"Antequera Ciudad, 29200 Antequera, Spain"
522e4b5a-7f72-11f0-8d59-325096b39f47,Antwerpen-Centraal,51.21552672202650,4.42100465297699,BE,Europe/Brussels,"Centraal Station, Koningin Astridplein 27, 2018 Antwerp, Belgium"
522e4b96-7f72-11f0-aeea-325096b39f47,Apach,49.4439732,6.3500923,FR,Europe/Paris,"Apach, GES, France"
522e4bd2-7f72-11f0-9afd-325096b39f47,Appenzell,47.3283140000,9.4088200000,CH,Europe/Zurich,"Appenzell Innerrhoden, Switzerland"
522e4c0e-7f72-11f0-80e6-325096b39f47,Aranguren Apeadero,43.210823,-3.115876,ES,Europe/Madrid,"Can Aranguren, 08750 Molins de Rei, Spain"
522e4c4a-7f72-11f0-b1cf-325096b39f47,Arbon Bahnhof,47.511127,9.433693,CH,Europe/Zurich,"Arbon Bahnhof, Chaletstrasse, 9320 Arbon, Switzerland"
522e4c7c-7f72-11f0-8610-325096b39f47,Ardrossan Town,55.639313,-4.812212,GB,Europe/London,"Ardrossan Academy, East Ayrshire, KA22 8AR, United Kingdom"
522e4cb8-7f72-11f0-adc7-325096b39f47,Argenton-sur-Creuse,46.592248,1.518305,FR,Europe/Paris,"Argenton-sur-Creuse, CVL, France"
522e4cfe-7f72-11f0-9234-325096b39f47,Arnage,47.9285663,0.1898826,FR,Europe/Paris,"Arnage, PDL, France"
522e4d30-7f72-11f0-ad71-325096b39f47,Arosa Bahnhof,46.783001,9.679108,CH,Europe/Zurich,"Dorfkirche Arosa, Poststrasse, 7050 Innerarosa, Switzerland"
522e4d76-7f72-11f0-99a8-325096b39f47,Aschaffenburg Hbf,49.980554,9.143692,DE,Europe/Berlin,"Aschaffenburg Hbf, Nordring, 63741 Aschaffenburg, Germany"
522e4db2-7f72-11f0-893a-325096b39f47,Ashford International,51.14335293766650,0.8751672506332400,GB,Europe/London,"Ashford, KEN, ENG, United Kingdom"
522e4de4-7f72-11f0-9630-325096b39f47,Aspach-le-Haut,47.769396,7.142379,FR,Europe/Paris,"Aspach-le-Haut, Aspach-Michelbach, GES, France"
522e4e20-7f72-11f0-8a9d-325096b39f47,Assier,44.6746197,1.8697681,FR,Europe/Paris,"Assier, OCC, France"
522e4e5c-7f72-11f0-9bc3-325096b39f47,Au SG,47.4361030000,9.6412540000,CH,Europe/Zurich,"Au (SG), St. Gallen, Switzerland"
522e4e98-7f72-11f0-b747-325096b39f47,Aubenas,44.61098202551540,4.4072020053863500,FR,Europe/Paris,"Aubenas, ARA, France"
522e4eca-7f72-11f0-80da-325096b39f47,Aubusson,45.9596691,2.1617231,FR,Europe/Paris,"Aubusson, NOR, France"
522e4f06-7f72-11f0-bd40-325096b39f47,Augsburg Hbf,48.365444,10.885568,DE,Europe/Berlin,"Augsburg Hauptbahnhof, Viktoriastraße 1, 86150 Augsburg, Germany"
522e4f42-7f72-11f0-8626-325096b39f47,Auxon Église,48.092235,3.923863,FR,Europe/Paris,"Auxon (Église), Rue de la Mairie, 10130 Auxon, France"
522e4f7e-7f72-11f0-aafc-325096b39f47,Avignon Centre,43.941900,4.805281,FR,Europe/Paris,"Novotel Avignon Centre, 84000 Avignon, France"
522e4fb0-7f72-11f0-888a-325096b39f47,Azay-le-Rideau,47.2663383,0.4475388,FR,Europe/Paris,"Azay-le-Rideau, CVL, France"
522e4fec-7f72-11f0-b66e-325096b39f47,Baar Bahnhof,47.195498,8.523922,CH,Europe/Zurich,"Baar Bahnhof, Bahnhofstrasse, 6340 Baar, Switzerland"
522e5028-7f72-11f0-b4b6-325096b39f47,Bad Ragaz,47.0103020000,9.5052290000,CH,Europe/Zurich,"Bad Ragaz, St. Gallen, Switzerland"
522e505a-7f72-11f0-aa3e-325096b39f47,Bad St. Peter Süd,54.305129,8.650499,DE,Europe/Berlin,"Bad St. Peter Süd, Eiderstedter Straße, 25826 Sankt Peter-Dorf, Germany"
522e5096-7f72-11f0-9bb3-325096b39f47,Bad Zurzach Bahnhof,47.588228,8.295326,CH,Europe/Zurich,"Bad Zurzach Bahnhof, 5330 Zurzach, Switzerland"
522e50d2-7f72-11f0-8791-325096b39f47,Baden,47.4764380000,8.3075780000,CH,Europe/Zurich,"Baden, AG, Switzerland"
522e5104-7f72-11f0-b6d0-325096b39f47,Bagnoles-de-l’Orne Office de Tourisme,48.55437,-0.410609,FR,Europe/Paris,"Bagnoles de l'Orne - Office de tourisme et des congrès, Place des Halles, 61140 Bagnoles-de-l'Orne, France"
522e5140-7f72-11f0-920d-325096b39f47,Balingen (Württ),48.278464,8.850302,DE,Europe/Berlin,"Balingen (Württ), Am Lindle, 72336 Balingen, Germany"
522e5172-7f72-11f0-b4f8-325096b39f47,Balsthal,47.3132390000,7.6943160000,CH,Europe/Zurich,"Balsthal, SO, Switzerland"
522e51ae-7f72-11f0-bee3-325096b39f47,Bar-sur-Aube,48.2385399,4.7066708,FR,Europe/Paris,"Bar-Sur-Aube (Bar-sur-Aube), AB, France"
522e51ea-7f72-11f0-9a36-325096b39f47,Barberey Route de Méry,48.3500000000,4.0166670000,FR,Europe/Paris,"Barberey (Route de Méry), Route de Méry-sur-Seine, 10600 Barberey-Saint-Sulpice, France"
522e521c-7f72-11f0-8159-325096b39f47,Barcelona Sants,41.378911,2.140367,ES,Europe/Madrid,"Barcelona Sants railway station, Vestíbul de l'AVE, 08014 Barcelona, Spain"
522e5258-7f72-11f0-aa04-325096b39f47,Bari Centrale,41.117702,16.870172,IT,Europe/Rome,"Bari Centrale, Sottopasso Rosso, 70121 Bari BA, Italy"
522e5294-7f72-11f0-a51a-325096b39f47,Bari Centrale FAL,41.118509,16.86897,IT,Europe/Rome,"Bari Centrale (FAL), Corso Italia, 70123 Bari BA, Italy"
522e52c6-7f72-11f0-a955-325096b39f47,Bari Centrale FNB,41.118509,16.86897,IT,Europe/Rome,"Barletta Centrale FNB, Sottopassaggio Stazione FS - Bari Nord, 76121 Barletta BT, Italy"
522e5302-7f72-11f0-b353-325096b39f47,Basel SBB,47.5470755094,7.5891699960,CH,Europe/Zurich,"Basel SBB, Centralbahnstrasse, 4002 Basel, Switzerland"
522e5334-7f72-11f0-b29d-325096b39f47,Bassersdorf Bahnhof,47.438755,8.626129,CH,Europe/Zurich,"8303 Bassersdorf, Switzerland"
522e5370-7f72-11f0-be7c-325096b39f47,Bastogne-Sud,49.999737,5.709858,BE,Europe/Brussels,"Bastogne Sud, Place de la Gare, 6600 Bastogne, Belgium"
522e53ac-7f72-11f0-9d5b-325096b39f47,Bayreuth Hbf,49.949613,11.579985,DE,Europe/Berlin,"Bayreuth Hbf, Bahnhofstraße 20, 95444 Bayreuth, Germany"
522e53de-7f72-11f0-80d7-325096b39f47,Bedford Station,52.136175,-0.47945,GB,Europe/London,"Bedford Station Premium Car Park, Ashburnham Road, Bedford, MK40 1DY, United Kingdom"
522e5424-7f72-11f0-9142-325096b39f47,Bellegarde-sur-Valserine,46.109425,5.823483,FR,Europe/Paris,"Bellegarde-sur-Valserine, Valserhône, ARA, France"
522e547e-7f72-11f0-824b-325096b39f47,Bellinzona,46.1954300000,9.0295290000,CH,Europe/Zurich,"Bellinzona, TI, Switzerland"
522e54d8-7f72-11f0-9baa-325096b39f47,Belp,46.8888850000,7.4985850000,CH,Europe/Zurich,"Belp, BE, Switzerland"
522e5528-7f72-11f0-b70d-325096b39f47,Benet—Riche-Bonne,46.373362,-0.592757,FR,Europe/Paris,
522e5582-7f72-11f0-9630-325096b39f47,Benevento,41.141739,14.770112,IT,Europe/Rome,"Benevento, Italy"
522e55dc-7f72-11f0-b029-325096b39f47,Berchtesgaden Hbf,47.626683,12.999058,DE,Europe/Berlin,"Berchtesgaden, BY, Germany"
522e5636-7f72-11f0-be51-325096b39f47,Bergün/Bravuogn,46.6310650000,9.7467420000,CH,Europe/Zurich,"Bergün/Bravuogn (Bergün Filisur), Grisons, Switzerland"
522e5690-7f72-11f0-9262-325096b39f47,Berlin Hbf,52.525589,13.369548,DE,Europe/Berlin,"Berlin Central Station, Eingangsebene, 10557 Berlin, Germany"
522e56ea-7f72-11f0-b2e0-325096b39f47,Bern Bahnhof,46.948115,7.440209,CH,Europe/Zurich,"Bern Bahnhof, Christoffelunterführung, 3011 Bern, Switzerland"
522e5744-7f72-11f0-81e7-325096b39f47,Bern Hbf,46.9491130000,7.4384830000,CH,Europe/Zurich,"Bern Hauptbahnhof, 3012 Bern, Switzerland"
522e5794-7f72-11f0-8933-325096b39f47,Besançon Viotte,47.247019,6.022003,FR,Europe/Paris,"Besançon-Mouillère, Allée de l'Île aux Moineaux, 25000 Besançon, France"
522e57ee-7f72-11f0-9fda-325096b39f47,Betanzos-Cidade,43.284264,-8.215673,ES,Europe/Madrid,"Betanzos-Cidade, 15300 Betanzos, Spain"
522e5848-7f72-11f0-b48f-325096b39f47,Bex,46.2514600000,7.0006730000,CH,Europe/Zurich,"Bex, VD, Switzerland"
522e58a2-7f72-11f0-9101-325096b39f47,Bicester Village,51.893429,-1.148393,GB,Europe/London,"Bicester Village, Cherwell District, OXF, ENG, United Kingdom"
522e5906-7f72-11f0-af34-325096b39f47,Bielefeld Hbf,52.029258,8.532722,DE,Europe/Berlin,"Bielefeld Main Station, Am Bahnhof, 33602 Bielefeld, Germany"
522e5960-7f72-11f0-856f-325096b39f47,Bilbao Abando,43.259715,-2.927507,ES,Europe/Madrid,"Bilbao Abando, Plaza Circular / Plaza Biribila, 2, 48008 Bilbao, Spain"
522e59ba-7f72-11f0-bdf0-325096b39f47,Biograd na Moru Autobusni Kolodvor,43.937696,15.444132,HR,Europe/Zagreb,"Autobusni kolodvor Biograd na Moru, Ulica kralja Petra Svačića, 23212 Grad Biograd na Moru, Croatia"
522e5a14-7f72-11f0-b674-325096b39f47,Birmensdorf ZH,47.3574480000,8.4375350000,CH,Europe/Zurich,"Birmensdorf (ZH), Zurich, Switzerland"
522e5a6e-7f72-11f0-97ab-325096b39f47,Birmingham New Street,52.478153,-1.898375,GB,Europe/London,"Birmingham New Street, Station Street, Birmingham, B2 4QA, United Kingdom"
522e5ac8-7f72-11f0-8e9f-325096b39f47,Birr,47.4358780000,8.2176230000,CH,Europe/Zurich,"Birr, AG, Switzerland"
522e5b2c-7f72-11f0-bbc1-325096b39f47,Bitche,49.04838,7.4321,FR,Europe/Paris,"Bitche, GES, France"
522e5b86-7f72-11f0-9d5f-325096b39f47,Bjuv Station,56.083007,12.911781,SE,Europe/Stockholm,"Bjuv, Järnvägsgatan, 267 34 Bjuv, Sweden"
522e5bcc-7f72-11f0-9574-325096b39f47,Blackpool North,53.822772,-3.049908,GB,Europe/London,"Little Blackpool, North East Derbyshire, United Kingdom"
522e5c08-7f72-11f0-ac19-325096b39f47,Blonville-sur-Mer—Benerville,49.3313919,0.0356856,FR,Europe/Paris,"Blonville-sur-Mer, Avenue Michel d'Ornano, 14910 Blonville-sur-Mer, France"
522e5c44-7f72-11f0-9c9b-325096b39f47,Bochum Hbf,51.478651,7.224109,DE,Europe/Berlin,"Bochum Hauptbahnhof, Kurt-Schumacher-Platz, 44787 Bochum, Germany"
522e5c76-7f72-11f0-9215-325096b39f47,Bologna Centrale,44.5061410000,11.3434060000,IT,Europe/Rome,"Bologna Centrale, Via de' Carracci, 40121 Bologna BO, Italy"
522e5cb2-7f72-11f0-85ac-325096b39f47,Bologne,48.1986877,5.1342228,FR,Europe/Paris,"Bologne, GES, France"
522e5cee-7f72-11f0-9cdb-325096b39f47,Bolzano/Bozen,46.49638,11.358787,IT,Europe/Rome,"Bolzano - Bozen, Trentino – Alto Adige/Südtirol, Italy"
522e5d20-7f72-11f0-aaaf-325096b39f47,Bonn Hbf,50.732007,7.097136,DE,Europe/Berlin,"Bonn Hauptbahnhof, Am Hauptbahnhof 1, 53111 Bonn, Germany"
522e5d5c-7f72-11f0-ac7e-325096b39f47,Bootle New Strand,53.453357,-2.994676,GB,Europe/London,"Bootle New Strand, Washington Parade, Bootle, L20 5HD, United Kingdom"
522e5d98-7f72-11f0-89ed-325096b39f47,Bordeaux St-Jean,44.825873,-0.556697,FR,Europe/Paris,"Château des Bordeaux, Chemin du Pavillon, 72540 Amné, France"
522e5dca-7f72-11f0-9903-325096b39f47,Borgo Valsugana Est,46.052304,11.463889,IT,Europe/Rome,"Borgo Valsugana Est, Via Giuseppe Gozzer, 38051 Borgo Valsugana TN, Italy"
522e5e06-7f72-11f0-9abc-325096b39f47,Bottrop Hbf,51.509538,6.936921,DE,Europe/Berlin,"Bottrop Hauptbahnhof, 46242 Bottrop, Germany"
522e5e42-7f72-11f0-a6fe-325096b39f47,Boulogne-sur-Mer Ville,50.71570,1.60964,FR,Europe/Paris,"Boulogne Ville, Boulevard Voltaire, 62200 Boulogne-sur-Mer, France"
522e5e7e-7f72-11f0-aa98-325096b39f47,Bourg-en-Bresse,46.200351,5.215063,FR,Europe/Paris,"Bourg-en-Bresse, ARA, France"
5e2c265c-7f72-11f0-825c-325096b39f47,Bourgneuf-en-Retz,47.0469634,-1.9551942,FR,Europe/Paris,"Bourgneuf-en-Retz, Villeneuve-en-Retz, PDL, France"
5e2c281e-7f72-11f0-aa90-325096b39f47,Bourgneuf-en-Retz Ecole,47.04216,-1.94913,FR,Europe/Paris,"Cimetière de Bourgneuf-en-Retz, 44580 Villeneuve-en-Retz, France"
5e2c288c-7f72-11f0-b83e-325096b39f47,Bouzonville,49.2899739,6.5293736,FR,Europe/Paris,"Bouzonville, GES, France"
5e2c28d2-7f72-11f0-990a-325096b39f47,Bradford Interchange,53.791196,-1.749701,GB,Europe/London,"Barnsley Interchange, Eldon Street North, Barnsley, S70 1SE, United Kingdom"
5e2c2922-7f72-11f0-9fe6-325096b39f47,Bratislava hl.st.,48.158908,17.106463,SK,Europe/Bratislava,"Bratislava main station, Franz Liszt Square, 811 04 Bratislava, Slovakia"
5e2c295e-7f72-11f0-85af-325096b39f47,Braunschweig Hbf,52.252236,10.539699,DE,Europe/Berlin,"Braunschweig Hauptbahnhof, Berliner Platz 1, 38102 Brunswick, Germany"
5e2c29a4-7f72-11f0-9a70-325096b39f47,Bremen Hbf,53.083477,8.813833,DE,Europe/Berlin,"Bremen Hauptbahnhof, Bahnhofsplatz 15, 16, 28195 Bremen, Germany"
5e2c29e0-7f72-11f0-9d91-325096b39f47,Bremerhaven Hbf,53.534916,8.599557,DE,Europe/Berlin,"Bremerhaven Hbf Bf, 27554 Bremerhaven, Germany"
5e2c2a1c-7f72-11f0-81f0-325096b39f47,Brienz,46.7548380000,8.0389270000,CH,Europe/Zurich,"Brienz (BE), BE, Switzerland"
5e2c2a62-7f72-11f0-a3d5-325096b39f47,Brig Bahnhof,46.318933,7.988246,CH,Europe/Zurich,"Brig Bahnhof, Bahnhofplatz, 3900 Brig-Glis, Switzerland"
5e2c2a9e-7f72-11f0-bc9d-325096b39f47,Brignoles,43.40595166064920,6.05647087097168,FR,Europe/Paris,"Brignoles (Brignoles), VR, France"
5e2c2ada-7f72-11f0-9401-325096b39f47,Brno hl.n.,49.190537,16.612775,CZ,Europe/Prague,"Brno hlavní nádraží, Nádražní 418/1, 601 69 Brno, Czechia"
5e2c2b16-7f72-11f0-bcef-325096b39f47,Brolo-Ficarra,38.159074,14.830232,IT,Europe/Rome,"Brolo, Via Libertà, 98061 Brolo ME, Italy"
5e2c2b5c-7f72-11f0-b23d-325096b39f47,Bromölla station,56.067249,14.480759,SE,Europe/Stockholm,"Bromölla Fotvård, Bruksgatan, 295 21 Bromölla, Sweden"
5e2c2b98-7f72-11f0-94ee-325096b39f47,Brünig-Hasliberg,46.7578580000,8.1390490000,CH,Europe/Zurich,"Brünig-Hasliberg, 643, 3860 Meiringen, Switzerland"
5e2c2bd4-7f72-11f0-899f-325096b39f47,Brunnen,46.9991650000,8.6100650000,CH,Europe/Zurich,"Brunnen, SZ, Switzerland"
5e2c2c10-7f72-11f0-978c-325096b39f47,Bruxelles-Midi,50.835374,4.335695,BE,Europe/Brussels,"Brussels-Midi, Galerie M - M-galerij, 1060 Saint-Gilles - Sint-Gillis, Belgium"
5e2c2c4c-7f72-11f0-a92f-325096b39f47,Bubikon Bahnhof,47.270657,8.822597,CH,Europe/Zurich,"Bubikon Bahnhof, Ritterhausstrasse, 8608 Bubikon, Switzerland"
5e2c2c88-7f72-11f0-a3e5-325096b39f47,Buchs SG,47.1683950000,9.4786300000,CH,Europe/Zurich,"Buchs (SG), St. Gallen, Switzerland"
5e2c2cce-7f72-11f0-a18b-325096b39f47,Budapest-Keleti,47.500385,19.085069,HU,Europe/Budapest,"Budapest Keleti Station, Budapest, Baross tér 1, 1087, Hungary"
5e2c2d0a-7f72-11f0-a540-325096b39f47,Bulle,46.6181480000,7.0549320000,CH,Europe/Zurich,"Bulle, FR, Switzerland"
5e2c2d46-7f72-11f0-a8ed-325096b39f47,Burnley Central,53.793776,-2.244644,GB,Europe/London,"Burnley, LAN, ENG, United Kingdom"
5e2c2d82-7f72-11f0-8cf6-325096b39f47,Buzançais,46.885150209934600,1.4185291528701800,FR,Europe/Paris,"Buzançais, CVL, France"
5e2c2dbe-7f72-11f0-b8da-325096b39f47,Cagnes-sur-Mer,43.65813,7.14864,FR,Europe/Paris,"Cagnes-sur-Mer, PAC, France"
5e2c2dfa-7f72-11f0-ae42-325096b39f47,Cahors,44.449275,1.433325,FR,Europe/Paris,"Cahors (Cahors), LO, France"
5e2c2e36-7f72-11f0-b8c7-325096b39f47,Calais Ville,50.952613,1.848185,FR,Europe/Paris,"Calais-Ville, Quai du Rhin, 62100 Calais, France"
5e2c2e72-7f72-11f0-bd3f-325096b39f47,Cannes,43.553839,7.019682,FR,Europe/Paris,"Cannes, PAC, France"
5e2c2eae-7f72-11f0-9154-325096b39f47,Canterbury West,51.284279,1.074608,GB,Europe/London,"St Thomas of Canterbury, Harper's Hill, West Devon, EX20 3NR, United Kingdom"
5e2c2eea-7f72-11f0-90dc-325096b39f47,Capvern,43.1033454,0.3296393,FR,Europe/Paris,"Capvern, OCC, France"
5e2c2f26-7f72-11f0-8a5b-325096b39f47,Carhaix,48.2780022,-3.5622173,FR,Europe/Paris,"Carhaix-Plouguer, Rue Louis Pasteur, 29270 Carhaix-Plouguer, France"
5e2c2f62-7f72-11f0-b94e-325096b39f47,Carignan,49.6285736,5.1684754,FR,Europe/Paris,"Carignan, GES, France"
5e2c2f9e-7f72-11f0-9778-325096b39f47,Carnac,47.584558972342400,-3.0826091766357400,FR,Europe/Paris,"Carnac, BRE, France"
5e2c2fda-7f72-11f0-acba-325096b39f47,Catania Centrale,37.506574,15.10016,IT,Europe/Rome,"Catania, Via D'Amico, 95129 Catania CT, Italy"
5e2c3016-7f72-11f0-98c0-325096b39f47,Catanzaro (Germaneto),38.896126,16.599354,IT,Europe/Rome,"Catanzaro, Viale Europa, 88100 Catanzaro CZ, Italy"
5e2c3052-7f72-11f0-ac7b-325096b39f47,Catford Station,51.444706,-0.025701,GB,Europe/London,"Catford Police Station, Bromley Road, London, SE6 2RH, United Kingdom"
5e2c3098-7f72-11f0-8978-325096b39f47,Cattolica-San Giovanni-Gabicce,43.959903,12.745022,IT,Europe/Rome,"Cattolica-San Giovanni-Gabicce, Via Nazario Sauro, 61011 Cattolica RN, Italy"
5e2c30d4-7f72-11f0-97fe-325096b39f47,Celerina,46.5139900000,9.8584690000,CH,Europe/Zurich,"Celerina/Schlarigna, Grisons, Switzerland"
5e2c3110-7f72-11f0-8369-325096b39f47,Cellers-Llimiana,42.062729,0.875639,ES,Europe/Madrid,"Cellers-Llimiana, C-13, 25631 Castell de Mur, Spain"
5e2c314c-7f72-11f0-a530-325096b39f47,Cergy-le-Haut,49.0484932,2.0118725,FR,Europe/Paris,"Cergy-le-Haut, 2 Rue du Lendemain, 95800 Cergy, France"
5e2c3188-7f72-11f0-b047-325096b39f47,Cerizay,46.8176878,-0.6689931,FR,Europe/Paris,"Cerizay, NAQ, France"
5e2c31c4-7f72-11f0-b21e-325096b39f47,Cervia-Milano Marittima,44.258443,12.347088,IT,Europe/Rome,"Cervia, Ravenna, Italy"
5e2c3200-7f72-11f0-95d8-325096b39f47,Cham,47.1782480000,8.4574830000,CH,Europe/Zurich,"Cham, ZG, Switzerland"
5e2c323c-7f72-11f0-83a3-325096b39f47,Chambourg,47.1821629,0.9648363,FR,Europe/Paris,"Chambourg-sur-Indre, Rue Jacques-Marie Rougé, 37310 Chambourg-sur-Indre, France"
5e2c3278-7f72-11f0-8bce-325096b39f47,Charbonnières-les-Bains,45.782142,4.735912,FR,Europe/Paris,"Charbonnières-les-Bains, ARA, France"
5e2c32b4-7f72-11f0-b892-325096b39f47,Charleroi-Ouest,50.4114610000,4.4370120000,BE,Europe/Brussels,"Pathé Charleroi (Cinépointcom Charleroi - Carollywood), Rue Ville n°2, 6000 Charleroi, Belgium"
5e2c32f0-7f72-11f0-8f1b-325096b39f47,Chartres,48.4482023,1.4813128,FR,Europe/Paris,"Chartres, CVL, France"
5e2c332c-7f72-11f0-8b2e-325096b39f47,Château-Arnoux—St-Auban,44.0615651,5.9973734,FR,Europe/Paris,"Château-Arnoux-Saint-Auban, PAC, France"
5e2c3368-7f72-11f0-9147-325096b39f47,Château-Arnoux—St-Auban,44.0817900000,6.0016250000,FR,Europe/Paris,"Château-Arnoux-Saint-Auban, PAC, France"
5e2c33a4-7f72-11f0-87d6-325096b39f47,Chateau-d’Oex,46.4753270000,7.1327870000,CH,Europe/Zurich,"Château-d'Oex, VD, Switzerland"
5e2c33e0-7f72-11f0-9e56-325096b39f47,Château-du-Loir,47.683392,0.414912,FR,Europe/Paris,"Château-du-Loir, Montval-sur-Loir, PDL, France"
5e2c341c-7f72-11f0-95aa-325096b39f47,Château-Gontier,47.8500000000,-0.9500000000,FR,Europe/Paris,"Château-Gontier (Château-Gontier-sur-Mayenne), PDL, France"
5e2c3458-7f72-11f0-8499-325096b39f47,Château-Renault,47.5877961,0.9015238,FR,Europe/Paris,"Château-Renault, CVL, France"
5e2c3494-7f72-11f0-b3b6-325096b39f47,Chaumont,48.10976,5.13460,FR,Europe/Paris,"Chaumont, GES, France"
5e2c34d0-7f72-11f0-a9e3-325096b39f47,Chemnitz Hbf,50.839266,12.930299,DE,Europe/Berlin,"Chemnitz Hbf A3, Christian-Wehner-Straße, 09113 Chemnitz, Germany"
5e2c350c-7f72-11f0-84fe-325096b39f47,Ciampino,41.804298,12.599523,IT,Europe/Rome,"Ciampino, LAZ, Italy"
5e2c3548-7f72-11f0-8fc3-325096b39f47,Civitavecchia,42.087854,11.799276,IT,Europe/Rome,"Civitavecchia, LAZ, Italy"
5e2c3584-7f72-11f0-aec0-325096b39f47,Clermont-Ferrand,45.778945,3.100543,FR,Europe/Paris,"Clermont-Ferrand, ARA, France"
5e2c35c0-7f72-11f0-bdcf-325096b39f47,Colchester Station,51.900478,0.894085,GB,Europe/London,"Colchester Station, Colchester, CO1 1ZU, United Kingdom"
5e2c35fc-7f72-11f0-a7db-325096b39f47,Colmar,48.073201,7.346967,FR,Europe/Paris,"Colmar, GES, France"
5e2c3638-7f72-11f0-8894-325096b39f47,Colomiers,43.603734,1.334221,FR,Europe/Paris,"Colomiers, OCC, France"
5e2c3674-7f72-11f0-a327-325096b39f47,Como San Giovanni,45.8064670000,9.0734410000,IT,Europe/Rome,"Como San Giovanni, Piazzale San Gottardo, 22100 Como CO, Italy"
5e2c36b0-7f72-11f0-a172-325096b39f47,Cons-la-Grandville,49.4833330000,5.7000000000,FR,Europe/Paris,"Cons-la-Grandville, GES, France"
5e2c36ec-7f72-11f0-ba2c-325096b39f47,Crancey RN,48.5166670000,3.6333330000,FR,Europe/Paris,"Crancey (RN), Route Nationale 19, 10100 Crancey, France"
5e2c3728-7f72-11f0-b1fa-325096b39f47,Creutzwald Gare Routière,49.207553,6.696936,FR,Europe/Paris,"Gare routière, Avenue Amiral Réveillère, 29200 Brest, France"
5e2c3764-7f72-11f0-ae60-325096b39f47,Croix—Wasquehal,50.6785574,3.1380315,FR,Europe/Paris,"Croix-Wasquehal, Avenue du Grand Cottignies, 59290 Wasquehal, France"
5e2c37aa-7f72-11f0-b52f-325096b39f47,Cuenca Fernando Zobel,40.034916,-2.144412,ES,Europe/Madrid,"Cuenca, Paseo de San Antonio, 16002 Cuenca, Spain"
5e2c37e6-7f72-11f0-8f8e-325096b39f47,Dardilly le Jubin,45.815143,4.7613451,FR,Europe/Paris,"Dardilly-le-Jubin, Chemin du Jubin, 69570 Dardilly, France"
5e2c3822-7f72-11f0-bfd4-325096b39f47,Darmstadt Hbf,49.872503,8.629635,DE,Europe/Berlin,"Darmstadt Hauptbahnhof, Zweifalltorweg, 64293 Darmstadt, Germany"
5e2c385e-7f72-11f0-8e0b-325096b39f47,Davos Dorf,46.8097080000,9.8421000000,CH,Europe/Zurich,"Davos Dorf, Davos, Grisons, Switzerland"
5e2c389a-7f72-11f0-b7ca-325096b39f47,Davos Platz Bahnhof,46.790417,9.820328,CH,Europe/Zurich,"Davos Platz, Bahnhof, Davos Platz, Talstrasse, 7270 Davos, Switzerland"
5e2c38d6-7f72-11f0-88d3-325096b39f47,Decazeville Centre,44.561434,2.255896,FR,Europe/Paris,"Centre hospitalier de Decazeville - Centre Hospitalier Pierre Delpech, 60 Rue Prosper Alfaric, 12300 Decazeville, France"
5e2c3912-7f72-11f0-b363-325096b39f47,Degersheim Bahnhof,47.372513,9.201115,CH,Europe/Zurich,"Degersheim Bahnhof, Mühlefeldstrasse, 9113 Degersheim, Switzerland"
5e2c394e-7f72-11f0-8308-325096b39f47,Den Haag Centraal,52.0805060000,4.3239910000,NL,Europe/Amsterdam,"Den Haag Centraal, Stationshal, 2595 DB The Hague, Netherlands"
5e2c398a-7f72-11f0-a0fd-325096b39f47,Dessau Hbf,51.839865,12.234948,DE,Europe/Berlin,"Dessau Hbf 02, Roßlauer Allee, 06844 Dessau, Germany"
5e2c39c6-7f72-11f0-9c81-325096b39f47,Dielsdorf Bahnhof,47.482955,8.45893,CH,Europe/Zurich,"8157 Dielsdorf, Switzerland"
5e2c3a02-7f72-11f0-b699-325096b39f47,Dieppe,49.921788,1.081133,FR,Europe/Paris,"Dieppe, NOR, France"
5e2c3a3e-7f72-11f0-823d-325096b39f47,Dietikon Bahnhof,47.405828,8.404527,CH,Europe/Zurich,"Dietikon Bahnhof, Kante B, 8953 Dietikon, Switzerland"
5e2c3a7a-7f72-11f0-8341-325096b39f47,Digne-les-Bains,44.088710133980600,6.222982406616210,FR,Europe/Paris,"Digne-les-Bains, PAC, France"
5e2c3ab6-7f72-11f0-abe9-325096b39f47,Dijon Ville,47.323370,5.027208,FR,Europe/Paris,"Golf Dijon Bourgogne Jacques Laffite, 21490 Norges-la-Ville, France"
5e2c3af2-7f72-11f0-96d2-325096b39f47,Disentis/Muster,46.7049750000,8.8550210000,CH,Europe/Zurich,"Disentis/Mustér, Grisons, Switzerland"
5e2c3b2e-7f72-11f0-9797-325096b39f47,Dives—Cabourg,49.2864776,-0.1074996,FR,Europe/Paris,"Dives - Cabourg, D 513a, 14160 Dives-sur-Mer, France"
5e2c3bec-7f72-11f0-8017-325096b39f47,Djurdjevac Autobusni Kolodvor,46.03072,17.065283,HR,Europe/Zagreb,"Autobusni kolodvor, 52466 Cittanova, Croatia"
5e2c3c1e-7f72-11f0-be9f-325096b39f47,Dole Ville,47.096084,5.488105,FR,Europe/Paris,"Dole, Place de la Gare, 39100 Dole, France"
5e2c3c5a-7f72-11f0-8686-325096b39f47,Domfront,48.1076766,0.0262592,FR,Europe/Paris,"Domfront (Domfront en Poiraie), NOR, France"
5e2c3c96-7f72-11f0-b427-325096b39f47,Donji Miholjac Autobusni Kolodvor,45.759286,18.16614,HR,Europe/Zagreb,"Ribnjak Donji Miholjac, 31540 OB, Croatia"
5e2c3cc8-7f72-11f0-b7e2-325096b39f47,Dorchester South,50.708752,-2.437593,GB,Europe/London,"Dorchester WwTW, Dorchester, United Kingdom"
5e2c3d04-7f72-11f0-ac49-325096b39f47,Dorking Station,51.241615,-0.323822,GB,Europe/London,"Dorking Station, Mole Valley, RH4 1JF, United Kingdom"
5e2c3d40-7f72-11f0-b4eb-325096b39f47,Dornach-Arlesheim,47.4892650000,7.6108420000,CH,Europe/Zurich,"Dornach-Arlesheim, Amthausstrasse, 4143 Dornach, Switzerland"
5e2c3d72-7f72-11f0-9fac-325096b39f47,Dortmund Hbf,51.517898,7.459293,DE,Europe/Berlin,"Dortmund Hbf, Paul-Winzen-Straße, 44147 Dortmund, Germany"
5e2c3dae-7f72-11f0-a737-325096b39f47,Douelle,44.4666670000,1.3666670000,FR,Europe/Paris,"Douelle, OCC, France"
5e2c3dea-7f72-11f0-85ca-325096b39f47,Dourdan,48.533466,2.009643,FR,Europe/Paris,"Dourdan (Dourdan), ES, France"
5e2c3e1c-7f72-11f0-a87f-325096b39f47,Dresden Hbf,51.040562,13.732038,DE,Europe/Berlin,"Dresden Hbf, Wiener Platz 4, 01069 Dresden, Germany"
5e2c3e58-7f72-11f0-a3a5-325096b39f47,Dublin Connolly,53.3517919991,-6.2495215,IE,Europe/Dublin,"Dublin Connolly, Amiens Street, Dublin, Ireland"
5e2c3e94-7f72-11f0-9429-325096b39f47,Düdingen Bahnhof,46.850672,7.189833,CH,Europe/Zurich,"Düdingen Bahnhof, Bahnhofplatz, 3186 Düdingen, Switzerland"
5e2c3ed0-7f72-11f0-b647-325096b39f47,Dudley Port,52.524517,-2.049401,GB,Europe/London,"Dudley Port, Sandwell, ENG, United Kingdom"
5e2c3f02-7f72-11f0-8ad2-325096b39f47,Duisburg Hbf,51.429786,6.775906,DE,Europe/Berlin,"Duisburg Hauptbahnhof, Portsmouthplatz 1, 47051 Duisburg, Germany"
5e2c3f3e-7f72-11f0-896d-325096b39f47,Dumbarton Central,55.946705,-4.56697,GB,Europe/London,"Dumbarton Central, Station Road, Dumbarton, G82 1RZ, United Kingdom"
5e2c3f7a-7f72-11f0-aaba-325096b39f47,Düsseldorf Hbf,51.21996,6.794316,DE,Europe/Berlin,"Düsseldorf Central Station, Weg Gleis 12, 40210 Dusseldorf, Germany"
5e2c3fac-7f72-11f0-aa49-325096b39f47,Ealing Broadway,51.51466,-0.300843,GB,Europe/London,"Ealing Broadway, The Broadway, London, W5 2NU, United Kingdom"
5e2c3ff2-7f72-11f0-adc0-325096b39f47,East Croydon,51.375679,-0.093335,GB,Europe/London,"East Croydon, Billinton Hill, London, CR0 1LF, United Kingdom"
60c0a334-7f72-11f0-82db-325096b39f47,East Malling,51.285748,0.439308,GB,Europe/London,"East Malling (Tonbridge and Malling), KEN, ENG, United Kingdom"
60c0a4d8-7f72-11f0-b7fa-325096b39f47,Ebnat-Kappel,47.2636630000,9.1209940000,CH,Europe/Zurich,"Ebnat-Kappel, St. Gallen, Switzerland"
60c0a53c-7f72-11f0-ab27-325096b39f47,Écouché,48.7151009,-0.1209574,FR,Europe/Paris,"Écouché, Écouché-les-Vallées, NOR, France"
60c0a582-7f72-11f0-9779-325096b39f47,Edenbridge Station,51.208508,0.060099,GB,Europe/London,"Edenbridge Fire Station, Mont St Aignan Way, Edenbridge, TN8 5AY, United Kingdom"
60c0a5c8-7f72-11f0-b98d-325096b39f47,Effretikon Bahnhof,47.425406,8.686267,CH,Europe/Zurich,"Effretikon Bahnhof, Bahnhofstrasse, 8307 Illnau-Effretikon, Switzerland"
60c0a604-7f72-11f0-9d2f-325096b39f47,Égletons,45.4023816,2.0651243,FR,Europe/Paris,"Égletons, NAQ, France"
60c0a640-7f72-11f0-9779-325096b39f47,Eglisau,47.5723620000,8.5165420000,CH,Europe/Zurich,"Eglisau, Zurich, Switzerland"
60c0a67c-7f72-11f0-a0ac-325096b39f47,Einsiedeln Bahnhof,47.12807,8.744454,CH,Europe/Zurich,"Einsiedeln Bahnhof, Bahnhofplatz, 8840 Einsiedeln, Switzerland"
60c0a6b8-7f72-11f0-85cb-325096b39f47,Ekenässjön station,57.48927,15.019608,SE,Europe/Stockholm,"Ekenässjön, Allégatan, 574 50 Ekenässjön, Sweden"
60c0a6f4-7f72-11f0-ac6a-325096b39f47,Embrach-Rorbas,47.5205840000,8.5870710000,CH,Europe/Zurich,"Embrach-Rorbas, Bahnstrasse 4, 8424 Embrach, Switzerland"
60c0a7e4-7f72-11f0-8454-325096b39f47,Emden Hbf,53.369011,7.19501,DE,Europe/Berlin,"Emden Hauptbahnhof, Bahnhofsplatz 11, 26721 Emden, Germany"
60c0a820-7f72-11f0-b343-325096b39f47,Enchenberg,49.01614,7.33372,FR,Europe/Paris,"Enchenberg, GES, France"
60c0a866-7f72-11f0-97da-325096b39f47,Enfield Town,51.651524,-0.078891,GB,Europe/London,"Enfield Town, London, ENG, United Kingdom"
60c0a8a2-7f72-11f0-80ad-325096b39f47,Engelberg Bahnhof,46.819389,8.402828,CH,Europe/Zurich,"Engelberg Bahnhof, Bahnhofstrasse, 6390 Engelberg, Switzerland"
60c0a8de-7f72-11f0-84d2-325096b39f47,Epsom Station,51.334339,-0.268756,GB,Europe/London,"Epsom Railway Station, Epsom and Ewell, KT19 8AT, United Kingdom"
60c0a91a-7f72-11f0-804c-325096b39f47,Erfurt Hbf,50.972549,11.038501,DE,Europe/Berlin,"Erfurt Hbf Fußgängerbrücke, Stauffenbergallee, 99085 Erfurt, Germany"
60c0a956-7f72-11f0-8eba-325096b39f47,Erlenbach ZH Bahnhof,47.305805,8.591233,CH,Europe/Zurich,"Erlenbach (ZH) Bahnhof, Bahnhofstrasse, 8703 Erlenbach (ZH), Switzerland"
60c0a992-7f72-11f0-815b-325096b39f47,Ermont-Halte,48.98980,2.26323,FR,Europe/Paris,"Ermont Halte, Boulevard Pasteur, 95120 Ermont, France"
60c0a9ce-7f72-11f0-bdbe-325096b39f47,Erstfeld,46.8210430000,8.6509570000,CH,Europe/Zurich,"Erstfeld, UR, Switzerland"
60c0aa0a-7f72-11f0-a031-325096b39f47,Ervy-le-Châtel,48.0333330000,3.9166670000,FR,Europe/Paris,"Ervy-le-Châtel, GES, France"
60c0aa50-7f72-11f0-98d3-325096b39f47,Esens Bahnhofstraße,53.637186,7.612946,DE,Europe/Berlin,"Bahnhofstraße, 26427 Esens, Germany"
60c0aa8c-7f72-11f0-a510-325096b39f47,Essen Hbf,51.451351,7.014795,DE,Europe/Berlin,"Essen Hauptbahnhof, Am Hauptbahnhof, 45127 Essen, Germany"
60c0aabe-7f72-11f0-9d72-325096b39f47,Eu,50.0541988,1.416837,FR,Europe/Paris,
60c0aafa-7f72-11f0-95d3-325096b39f47,Eurville,48.5828713,5.0449583,FR,Europe/Paris,"Eurville (Val-de-Saâne), NOR, France"
60c0ab40-7f72-11f0-831e-325096b39f47,Évian-les-Bains,46.397915,6.577457,FR,Europe/Paris,"Évian-les-Bains, ARA, France"
60c0ab7c-7f72-11f0-a268-325096b39f47,Évry-Val-de-Seine,48.63442,2.45209,FR,Europe/Paris,"Évry Val de Seine, Rue Robert Pissonnier, 91000 Évry, France"
60c0abb8-7f72-11f0-9839-325096b39f47,Ewell West,51.349445,-0.256711,GB,Europe/London,"Stoneleigh, Epsom and Ewell, SRY, ENG, United Kingdom"
60c0abf4-7f72-11f0-b53f-325096b39f47,Exeter Central,50.726471,-3.532973,GB,Europe/London,"Exeter Central, Queen Street, Exeter, EX4 3SB, United Kingdom"
60c0ac30-7f72-11f0-a71a-325096b39f47,Falkirk High,55.991863,-3.792276,GB,Europe/London,"Falkirk F.C., Stadium Way, Laurieston, FK2 9EE, United Kingdom"
60c0ac6c-7f72-11f0-b070-325096b39f47,Falmouth Town,50.148392,-5.065443,GB,Europe/London,"Falmouth STW Falmouth, Falmouth, TR11 4NG, United Kingdom"
60c0aca8-7f72-11f0-82f9-325096b39f47,Farébersviller,49.1181603,6.8618926,FR,Europe/Paris,"Farébersviller, GES, France"
60c0ace4-7f72-11f0-9933-325096b39f47,Farnborough Main,51.296471,-0.756436,GB,Europe/London,"Rushmoor, GU14 8AR, United Kingdom"
60c0ad20-7f72-11f0-8847-325096b39f47,Farschviller,49.0878773,6.9080815,FR,Europe/Paris,"Farschviller (Farschviller), MO, France"
60c0ad5c-7f72-11f0-bf3a-325096b39f47,Fehraltorf Bahnhof,47.385431,8.749965,CH,Europe/Zurich,"Bahnhof Fehraltorf, 8320 Fehraltorf, Switzerland"
60c0ad98-7f72-11f0-878c-325096b39f47,Fénétrange,48.8500000000,7.0166670000,FR,Europe/Paris,"Fénétrange, GES, France"
60c0adde-7f72-11f0-9e74-325096b39f47,Ferney Centre,46.2585770000,6.1106300000,FR,Europe/Paris,"Ferney-Centre, Voie BHNS, 01210 Ferney-Voltaire, France"
60c0ae1a-7f72-11f0-9e65-325096b39f47,Fiesch,46.4030450000,8.1326120000,CH,Europe/Zurich,"Fiesch, Wallis, Switzerland"
60c0ae56-7f72-11f0-a8e5-325096b39f47,Figeac,44.603515,2.037355,FR,Europe/Paris,"Figeac (Figeac), LO, France"
60c0ae92-7f72-11f0-9ad5-325096b39f47,Figueres—Vilafant,42.26478,2.943023,ES,Europe/Madrid,"Figueres Vilafant, Camí vell d'Avinyonet, 17740 Vilafant, Spain"
60c0aece-7f72-11f0-86d4-325096b39f47,Filisur,46.6753010000,9.6822720000,CH,Europe/Zurich,"Filisur (Bergün Filisur), Grisons, Switzerland"
60c0af0a-7f72-11f0-86af-325096b39f47,Firenze Santa Maria Novella,43.77681,11.247806,IT,Europe/Rome,"Piazza Firenze, 95038 Santa Maria di Licodia CT, Italy"
60c0af46-7f72-11f0-b0ab-325096b39f47,Flawil,47.4152840000,9.1896630000,CH,Europe/Zurich,"Flawil, St. Gallen, Switzerland"
60c0af82-7f72-11f0-907d-325096b39f47,Flüelen,46.9017210000,8.6242950000,CH,Europe/Zurich,"Flüelen, UR, Switzerland"
60c0afbe-7f72-11f0-8a8a-325096b39f47,Flums,47.0966170000,9.3479270000,CH,Europe/Zurich,"Flums, St. Gallen, Switzerland"
60c0affa-7f72-11f0-b250-325096b39f47,Folkestone Central,51.082985,1.168331,GB,Europe/London,"Folkestone, Kent, ENG, United Kingdom"
60c0b036-7f72-11f0-8a3d-325096b39f47,Font-Romeu-Odeillo-Via,42.4912317,2.0383917,FR,Europe/Paris,"Font-Romeu-Odeillo-Via, OCC, France"
60c0b072-7f72-11f0-8814-325096b39f47,Fontenay-le-Comte,46.46785957735250,-0.809592604637146,FR,Europe/Paris,"Fontenay-Le-Comte (Fontenay-le-Comte), VD, France"
60c0b0ae-7f72-11f0-a1bd-325096b39f47,Forbach,49.1892278,6.9013184,FR,Europe/Paris,"Forbach, GES, France"
60c0b0ea-7f72-11f0-9e48-325096b39f47,Frankfurt (Main) Hbf,50.107149,8.663785,DE,Europe/Berlin,"Frankfurt (Main) Hauptbahnhof, Mannheimer Straße, 60329 Frankfurt, Germany"
60c0b126-7f72-11f0-ac25-325096b39f47,Frauenfeld Bahnhof,47.557997,8.896767,CH,Europe/Zurich,"Mobility Frauenfeld Bahnhof, Bahnhofstrasse, 8500 Frauenfeld, Switzerland"
60c0b162-7f72-11f0-bcb1-325096b39f47,Freiburg (Breisgau) Hbf,47.997690269936300,7.841593623161320,DE,Europe/Berlin,"Freiburg (Breisgau) Hauptbahnhof, Bismarckallee 5-7, 79098 Freiburg im Breisgau, Germany"
60c0b19e-7f72-11f0-be2f-325096b39f47,Freudenstadt Hbf,48.460325,8.428807,DE,Europe/Berlin,"Freudenstadt Hauptbahnhof Steig 3, Bahnhofstraße, 72250 Freudenstadt, Germany"
60c0b1da-7f72-11f0-957b-325096b39f47,Frick,47.5072980000,8.0131280000,CH,Europe/Zurich,"Frick, AG, Switzerland"
60c0b216-7f72-11f0-a0f4-325096b39f47,Friedrichshafen Stadt,47.65322,9.473902,DE,Europe/Berlin,"ZF Friedrichshafen, 40300 Dusseldorf, Germany"
60c0b252-7f72-11f0-94c7-325096b39f47,Fronville,48.4001829,5.1564405,FR,Europe/Paris,"Fronville (Fronville), HM, France"
60c0b28e-7f72-11f0-9c23-325096b39f47,Frutigen,46.5887080000,7.6516090000,CH,Europe/Zurich,"Frutigen, BE, Switzerland"
60c0b2ca-7f72-11f0-89a4-325096b39f47,Fürgangen-Bellwald,46.4118720000,8.1524160000,CH,Europe/Zurich,"Luftseilbahn Fürgangen-Bellwald, Furkastrasse, 3997 Bellwald, Switzerland"
60c0b306-7f72-11f0-a7c3-325096b39f47,Fürth (Bay) Hbf,49.469706,10.989987,DE,Europe/Berlin,"Fürth (Bayern) Hauptbahnhof, Karolinenstraße, 90763 Fürth, Germany"
60c0b342-7f72-11f0-a91c-325096b39f47,Gainsborough Central,53.399574,-0.769674,GB,Europe/London,"Gainsborough College, West Lindsey, DN21 2AU, United Kingdom"
60c0b37e-7f72-11f0-9f53-325096b39f47,Gelsenkirchen Hbf,51.505016,7.102583,DE,Europe/Berlin,"Gelsenkirchen Hauptbahnhof/ZOB, Bahnhofsvorplatz, 45879 Gelsenkirchen, Germany"
60c0b3ba-7f72-11f0-9f81-325096b39f47,Genève,46.208942,6.145262,CH,Europe/Zurich,"Geneva, Switzerland"
60c0b3ec-7f72-11f0-8e21-325096b39f47,Genova Piazza Principe,44.417507,8.922072,IT,Europe/Rome,"Genova Piazza Principe, Piazza Acquaverde, 16126 Genoa GE, Italy"
60c0b428-7f72-11f0-9eb7-325096b39f47,Gent-Sint-Pieters,51.0356270000,3.7106120000,BE,Europe/Brussels,"Gent-Sint-Pieters, Koningin Maria Hendrikaplein 1, 9000 Ghent, Belgium"
60c0b464-7f72-11f0-9f11-325096b39f47,Gera Hbf,50.883421,12.077088,DE,Europe/Berlin,"Gera Hauptbahnhof, Bahnhofstraße, 07545 Gera, Germany"
60c0b4a0-7f72-11f0-bf7d-325096b39f47,Gex Centre,46.33204691423480,6.058391332626340,FR,Europe/Paris,"Gex - Centre, Avenue de la Gare, 01170 Gex, France"
60c0b4e6-7f72-11f0-b375-325096b39f47,Giswil,46.8365320000,8.1863050000,CH,Europe/Zurich,"Giswil (Giswil), OW, Switzerland"
60c0b522-7f72-11f0-a496-325096b39f47,Givors Ville,45.584948,4.766086,FR,Europe/Paris,"Givors, Rue Beyle Stendhal, 38340 Voreppe, France"
60c0b55e-7f72-11f0-aae6-325096b39f47,Glarus,47.0399220000,9.0715630000,CH,Europe/Zurich,"Glarus, Switzerland"
60c0b59a-7f72-11f0-a731-325096b39f47,Glasgow Central,55.860157,-4.259208,GB,Europe/London,"Glasgow Central, Glasgow, GLG, SCT, United Kingdom"
60c0b5d6-7f72-11f0-9e4c-325096b39f47,Glattbrugg Bahnhof,47.430602,8.559474,CH,Europe/Zurich,"Glattbrugg, Bahnhofplatz 1, 8152 Glattbrugg, Switzerland"
60c0b612-7f72-11f0-a308-325096b39f47,Glattfelden,47.5485760000,8.5240390000,CH,Europe/Zurich,"Glattfelden, Zurich, Switzerland"
60c0b64e-7f72-11f0-8c44-325096b39f47,Goppenstein,46.3677440000,7.7550200000,CH,Europe/Zurich,"Goppenstein, Wallis, Switzerland"
60c0b694-7f72-11f0-9c6e-325096b39f47,Gorizia Centrale,45.933305,13.606935,IT,Europe/Rome,"Gorizia, 27100 Pavia PV, Italy"
60c0b6d0-7f72-11f0-98c3-325096b39f47,Göschenen,46.6658090000,8.5887970000,CH,Europe/Zurich,"Göschenen (Göschenen), UR, Switzerland"
60c0b702-7f72-11f0-ba28-325096b39f47,Gossau SG Bahnhof,47.411994,9.253477,CH,Europe/Zurich,"Gossau (SG) Bahnhof, Sportstrasse, 9200 Gossau (SG), Switzerland"
60c0b73e-7f72-11f0-bfd5-325096b39f47,Graz Hbf,47.0678420000,15.4156640000,AT,Europe/Vienna,"Graz Hauptbahnhof, 8020 Graz, Austria"
60c0b77a-7f72-11f0-8d13-325096b39f47,Great Malvern,52.109165,-2.318289,GB,Europe/London,"Great Malvern, Malvern Hills, WOR, ENG, United Kingdom"
60c0b7b6-7f72-11f0-ba1e-325096b39f47,Grenchen Nord,47.1918210000,7.3894560000,CH,Europe/Zurich,"Grenchen Airport, 3296 Grenchen, Switzerland"
60c0b7f2-7f72-11f0-813e-325096b39f47,Grenoble,45.191493,5.714584,FR,Europe/Paris,"Grenoble, ARA, France"
60c0b82e-7f72-11f0-b019-325096b39f47,Grimsby Town,53.564091,-0.086922,GB,Europe/London,"Grimsby, LIN, ENG, United Kingdom"
60c0b86a-7f72-11f0-87f3-325096b39f47,Grindelwald,46.6243680000,8.0333000000,CH,Europe/Zurich,"Grindelwald, BE, Switzerland"
60c0b8a6-7f72-11f0-839c-325096b39f47,Grüsch,46.9804940000,9.6458030000,CH,Europe/Zurich,"Grüsch, Grisons, Switzerland"
60c0b8e2-7f72-11f0-b6cd-325096b39f47,Gstaad,46.4747790000,7.2843900000,CH,Europe/Zurich,"Gstaad, BE, Switzerland"
60c0b91e-7f72-11f0-9c34-325096b39f47,Guadalajara Estación,40.6441032,-3.1822298,ES,Europe/Madrid,"Guadalajara, Calle de Francisco Aritio, 19004 Guadalajara, Spain"
60c0b95a-7f72-11f0-a377-325096b39f47,Gudmont,48.3382279,5.1408271,FR,Europe/Paris,"Mairie de Gudmont-Villiers, Rue de la Priole, 52320 Gudmont-Villiers, France"
60c0b996-7f72-11f0-bb82-325096b39f47,Guildford Station,51.236912,-0.580409,GB,Europe/London,"Guildford Station, Guildford, SRY, ENG, United Kingdom"
60c0b9d2-7f72-11f0-8eba-325096b39f47,Guillerval,48.3744455,2.0598748,FR,Europe/Paris,"Guillerval (Guillerval), ES, France"
60c0ba0e-7f72-11f0-b684-325096b39f47,Hagen Hbf,51.362744,7.460246,DE,Europe/Berlin,"Hagen Hauptbahnhof, Am Hauptbahnhof, 58089 Hagen, Germany"
60c0ba4a-7f72-11f0-b1be-325096b39f47,Halle (Saale) Hbf,51.477509,11.987088,DE,Europe/Berlin,"Halle (Saale) Hbf (Ost) ESTW-UZ, Delitzscher Straße, 06112 Halle (Saale), Germany"
60c0ba86-7f72-11f0-a808-325096b39f47,Hamburg Hbf,53.552732,10.006908,DE,Europe/Berlin,"Hamburg Hauptbahnhof, Südsteg, 20099 Hamburg, Germany"
60c0bac2-7f72-11f0-8009-325096b39f47,Hampstead Heath,51.555779,-0.165159,GB,Europe/London,"Hampstead Heath, Gospel Oak, London, ENG, United Kingdom"
60c0bafe-7f72-11f0-9b83-325096b39f47,Hanau Hbf,50.12128,8.929165,DE,Europe/Berlin,"rail & fresh WC Hanau Hbf, Am Hauptbahnhof, 63450 Hanau, Germany"
60c0bb3a-7f72-11f0-9211-325096b39f47,Hannover Hbf,52.376763,9.741016,DE,Europe/Berlin,"Hanover Central Station, Niki-de-Saint-Phalle-Promenade, 30159 Hanover, Germany"
60c0bb76-7f72-11f0-84c0-325096b39f47,Harfleur,49.5136336,0.1989828,FR,Europe/Paris,"Harfleur, NOR, France"
60c0bbb2-7f72-11f0-8587-325096b39f47,Harwich Town,51.944157,1.285469,GB,Europe/London,"Town Community (Town), RCT, WLS, United Kingdom"
60c0bbee-7f72-11f0-bdc5-325096b39f47,Hawarden Station,53.185703,-3.032561,GB,Europe/London,"Hawarden, Woodlands Court, Hawarden, CH5 3NB, United Kingdom"
60c0bc2a-7f72-11f0-9294-325096b39f47,Heerbrugg,47.4103940000,9.6272310000,CH,Europe/Zurich,"Heerbrugg, Aechelistrasse, 9435 Heerbrugg, Switzerland"
60c0bc66-7f72-11f0-9b0e-325096b39f47,Heidelberg Hbf,49.403779,8.675741,DE,Europe/Berlin,"Heidelberg Hauptbahnhof, Max-Planck-Ring, 69115 Heidelberg, Germany"
60c0bca2-7f72-11f0-8528-325096b39f47,Heilbronn Hbf,49.143308,9.207713,DE,Europe/Berlin,"Heilbronn Hauptbahnhof, Willy-Brandt-Platz, 74072 Heilbronn, Germany"
60c0bce8-7f72-11f0-b27f-325096b39f47,Herisau Bahnhof,47.389818,9.276535,CH,Europe/Zurich,"Herisau Bahnhof, Bahnhofplatz, 9100 Herisau, Switzerland"
68f5110c-7f72-11f0-b8b0-325096b39f47,Herning St.,56.1323940000,8.9792340000,DK,Europe/Copenhagen,"Herning, Dronningens Boulevard, 7400 Herning, Denmark"
68f512ce-7f72-11f0-a717-325096b39f47,Hertford North,51.798328,-0.092961,GB,Europe/London,"River Hertford, Hunmanby, YO14 9QE, United Kingdom"
68f51332-7f72-11f0-a9c4-325096b39f47,Herzberg (Harz),51.643864,10.329927,DE,Europe/Berlin,"Herzberg (Harz), Bahnhofstraße 44, 37412 Herzberg, Germany"
68f51378-7f72-11f0-9343-325096b39f47,Herzogenbuchsee,47.1880910000,7.7009500000,CH,Europe/Zurich,"Herzogenbuchsee, BE, Switzerland"
68f513be-7f72-11f0-9a82-325096b39f47,Hildesheim Hbf,52.160627,9.953494,DE,Europe/Berlin,"Hildesheim Hauptbahnhof, Altes Dorf, 31137 Hildesheim, Germany"
68f513fa-7f72-11f0-af99-325096b39f47,Hinwil Bahnhof,47.299449,8.840666,CH,Europe/Zurich,"Hinwil Bahnhof, Bahnhofplatz, 8349 Hadlikon, Switzerland"
68f51436-7f72-11f0-b529-325096b39f47,Hirson,49.91455,4.08432,FR,Europe/Paris,"Hirson (Hirson), AS, France"
68f51472-7f72-11f0-8a9f-325096b39f47,Hof Hbf,50.307743,11.923067,DE,Europe/Berlin,"Hof Hauptbahnhof, Bahnhofsplatz, 95028 Hof, Germany"
68f514ae-7f72-11f0-bd2a-325096b39f47,Hombourg-Budange,49.2823957,6.3507488,FR,Europe/Paris,"Hombourg-Budange, GES, France"
68f5159e-7f72-11f0-949f-325096b39f47,Horgen Bahnhof,47.261497,8.596114,CH,Europe/Zurich,"Horgen Bahnhof, Bahnhofstrasse, 8810 Horgen, Switzerland"
68f515da-7f72-11f0-a2d9-325096b39f47,Houlgate,49.3000711,-0.0772276,FR,Europe/Paris,"Houlgate, NOR, France"
68f51616-7f72-11f0-b454-325096b39f47,Hovmantorp station,56.78626,15.139884,SE,Europe/Stockholm,"Hovmantorp, Storgatan, 360 51 Hovmantorp, Sweden"
68f51652-7f72-11f0-b268-325096b39f47,Hüntwangen-Wil,47.5812610000,8.5128470000,CH,Europe/Zurich,"Hüntwangen, Danielstrasse, 8194 Hüntwangen, Switzerland"
68f5168e-7f72-11f0-963c-325096b39f47,Huttwil,47.1145950000,7.8427280000,CH,Europe/Zurich,"Huttwil, BE, Switzerland"
68f516ca-7f72-11f0-84db-325096b39f47,Igea Marina,44.130653,12.482852,IT,Europe/Rome,"Bellaria-Igea Marina, RN, Italy"
68f51710-7f72-11f0-a120-325096b39f47,Ilanz,46.7753510000,9.2074440000,CH,Europe/Zurich,"Ilanz (Ilanz/Glion), Grisons, Switzerland"
68f5174c-7f72-11f0-b4bf-325096b39f47,Illnau Bahnhof,47.408659,8.722916,CH,Europe/Zurich,"Illnau Bahnhof, Stationsstrasse, 8308 Illnau-Effretikon, Switzerland"
68f51788-7f72-11f0-a98d-325096b39f47,Imperia,43.892328,8.039091,IT,Europe/Rome,"Provincia di Imperia, Italy"
68f517c4-7f72-11f0-8f94-325096b39f47,Ingolstadt Hbf,48.744537,11.437335,DE,Europe/Berlin,"Ingolstadt Hauptbahnhof Ihf, 85046 Ingolstadt, Germany"
68f5180a-7f72-11f0-81d8-325096b39f47,Ins,46.9998300000,7.0995540000,CH,Europe/Zurich,"Ins, BE, Switzerland"
68f51846-7f72-11f0-9234-325096b39f47,Interlaken Ost,46.6906910000,7.8689770000,CH,Europe/Zurich,"3800 Interlaken, Switzerland"
68f51882-7f72-11f0-a5c0-325096b39f47,Issoudun,46.948763,1.985834,FR,Europe/Paris,"Issoudun, CVL, France"
68f518be-7f72-11f0-92a3-325096b39f47,Jena Paradies,50.924853,11.587464,DE,Europe/Berlin,"Jena Paradies, Knebelstraße 1, 07743 Jena, Germany"
68f518fa-7f72-11f0-a195-325096b39f47,Jestetten,47.6544060000,8.5732820000,DE,Europe/Berlin,"Jestetten, BW, Germany"
68f51936-7f72-11f0-82f0-325096b39f47,Jeumont,50.29606,4.08645,FR,Europe/Paris,"Jeumont, HDF, France"
68f51972-7f72-11f0-a469-325096b39f47,Joué-lès-Tours,47.3541741,0.6675586,FR,Europe/Paris,"Joué-lès-Tours, CVL, France"
68f519ae-7f72-11f0-af29-325096b39f47,Jussey,47.8166670000,5.9000000000,FR,Europe/Paris,"Jussey (Jussey), HN, France"
68f519f4-7f72-11f0-a44c-325096b39f47,Kaltenkirchen (Holst),53.834454,9.967203,DE,Europe/Berlin,"Kaltenkirchen, Am Bahnhof, 24568 Kaltenkirchen, Germany"
68f51a30-7f72-11f0-aec0-325096b39f47,Kandersteg,46.4955440000,7.6712680000,CH,Europe/Zurich,"Kandersteg, BE, Switzerland"
68f51a6c-7f72-11f0-86de-325096b39f47,Karlsruhe Hbf,48.993509649554700,8.401848077774050,DE,Europe/Berlin,"Karlsruhe Hauptbahnhof, Victor-Gollancz-Straße, 76137 Karlsruhe, Germany"
68f51aa8-7f72-11f0-bff0-325096b39f47,Kassel Hbf,51.318257,9.489498,DE,Europe/Berlin,"Kassel Hauptbahnhof Kpf, Hardenbergstraße, 34119 Kassel, Germany"
68f51ae4-7f72-11f0-843b-325096b39f47,Kempten (Allgäu) Hbf,47.711748,10.317611,DE,Europe/Berlin,"Kempten (Allgäu) Hbf, Eicher Straße, 87435 Kempten (Allgäu), Germany"
68f51b20-7f72-11f0-974b-325096b39f47,Kentish Town Station,51.550338,-0.140446,GB,Europe/London,"Kentish Town Station, London, NW5 2EN, United Kingdom"
68f51b66-7f72-11f0-892f-325096b39f47,Kenton Station,51.581436,-0.317123,GB,Europe/London,"Kenton Station, Kenton Road, London, HA3 8AQ, United Kingdom"
68f51ba2-7f72-11f0-910f-325096b39f47,Kerzers,46.9750730000,7.1927900000,CH,Europe/Zurich,"Kerzers, FR, Switzerland"
68f51be8-7f72-11f0-aa69-325096b39f47,Kiel Hbf,54.314982,10.131975,DE,Europe/Berlin,"Kiel Hbf Stellwerk Ks, Marthastraße, 24114 Kiel, Germany"
68f51c24-7f72-11f0-a4a4-325096b39f47,Killwangen-Spreitenbach,47.4333340000,8.3541870000,CH,Europe/Zurich,"Killwangen, 8956 Killwangen, Switzerland"
68f51c60-7f72-11f0-8dd5-325096b39f47,Kloten Bahnhof,47.448832,8.583781,CH,Europe/Zurich,"Kloten Bahnhof, Lindenstrasse, 8302 Kloten, Switzerland"
68f51c9c-7f72-11f0-983e-325096b39f47,Koblenz Hbf,50.35108,7.588648,DE,Europe/Berlin,"Koblenz Hauptbahnhof, 56065 Koblenz, Germany"